<?xml version="1.0" encoding="UTF-8"?>
<!DOCTYPE ConfigManager SYSTEM "cm.dtd">

<ConfigManager>
    <namespace name="TopCoder.Util.ComplexBooleanEval">
        <property name="plugins">
            <value>Min3</value>
            <value>Factorial</value>
        </property>
        <property name="logger_namespace">
            <value>TopCoder.LoggingWrapper.Log4NETImpl</value>
        </property>
    </namespace>

    <namespace name="TopCoder.Util.ObjectFactory.default">
        <property name="type_name">
            <value>TopCoder.Util.ObjectFactory.ConfigurationObjectFactory</value>
        </property>
        <property name="assembly">
            <value>TopCoder.Util.ObjectFactory.dll</value>
        </property>
    </namespace>

    <namespace name="TopCoder.Util.ObjectFactory.default.parameters">
        <property name="namespace:string">
            <value>TopCoder.Util.ComplexBooleanEval</value>
        </property>
    </namespace>

    <namespace name="TopCoder.Util.ComplexBooleanEval.parser">
        <property name="type_name">
            <value>TopCoder.Util.ComplexBooleanEval.MinosseccParser.MinosseccParser</value>
        </property>
        <property name="assembly">
            <value>TopCoder.Util.ComplexBooleanEval.Minossecc.dll</value>
        </property>
    </namespace>

    <namespace name="TopCoder.Util.ComplexBooleanEval.Plugin.Min3">
        <property name="type_name">
            <value>TopCoder.Util.ComplexBooleanEval.Plugin.ExpressionPlugin</value>
        </property>
        <property name="assembly">
            <value>TopCoder.Util.ComplexBooleanEval.dll</value>
        </property>
    </namespace>

    <namespace name="TopCoder.Util.ComplexBooleanEval.Plugin.Min3.parameters">
        <property name="name:string">
            <value>min</value>
        </property>
        <property name="arguments:string[]">
            <value>x</value>
            <value>y</value>
            <value>z</value>
        </property>
        <property name="expression:string">
            <value>min(x,min(y,z))</value>
        </property>
    </namespace>

    <namespace name="TopCoder.Util.ComplexBooleanEval.Plugin.Factorial">
        <property name="type_name">
            <value>TopCoder.Util.ComplexBooleanEval.Plugin.ExpressionPlugin</value>
        </property>
        <property name="assembly">
            <value>TopCoder.Util.ComplexBooleanEval.dll</value>
        </property>
    </namespace>

    <namespace name="TopCoder.Util.ComplexBooleanEval.Plugin.Factorial.parameters">
        <property name="name:string">
            <value>factorial</value>
        </property>
        <property name="arguments:string[]">
            <value>x</value>
        </property>
        <property name="expression:string">
            <value>x==0?1:x*factorial(x-1)</value>
        </property>
    </namespace>

    <namespace name="TopCoder.LoggingWrapper.Log4NETImpl">
        <property name="logger_class">
            <Value>TopCoder.LoggingWrapper.Log4NETImpl</Value>
        </property>

        <property name="logger_name">
            <Value>logger</Value>
        </property>

        <property name="default_level">
            <Value>DEBUG</Value>
        </property>

        <property name="config_file">
            <Value>../../conf/log4net.config</Value>
        </property>
    </namespace>

</ConfigManager>
